<?xml version="1.0" encoding="utf-8"?>
<factures xmlns:xs="http://www.w3.org/2001/XMLSchema-instance" xsi:noNamespaceSchemaLocation="factura.xsd">
<factura>
	<numero>001/2016</numero>
	<fecha>2016-01-05</fecha>
	<emisor>
		<empresa>
			<razon-social>Encarna Vales García</razon-social>
			<nif>17000000A</nif>
			<domicilio>
				<direccion>Calle Río de Janeiro</direccion>
				<codigopostal>50000</codigopostal>
				<poblacion>Zaragoza</poblacion>
				<provincia>Zaragoza</provincia>
				<pais>España</pais>
			</domicilio>
			<telefono>976543235</telefono>
			<fax>976564322</fax>
			<mail>encarnavales@gmail.com</mail>
		</empresa>
	</emisor>
	<cliente>
		<empresa>
			<razon-social>Flor de Loto Servicios Personalizados SL</razon-social>
			<nif>A08479297</nif>
			<domicilio>
				<direccion>Calle Kyoto</direccion>
				<codigopostal>08021</codigopostal>
				<poblacion>Barcelona</poblacion>
				<provincia>Barcelona</provincia>
				<pais>España</pais>
			</domicilio>
			<telefono>938843234</telefono>
		</empresa>
	</cliente>
	<conceptos>
		<concepto>
			<cantidad>1</cantidad>
			<descripcion>Diseño visual de landing web</descripcion>
			<precio-unitario>575.0</precio-unitario>
			<importe-neto>575.0</importe-neto>
			<iva>21</iva>
		</concepto>
		<concepto>
			<cantidad>1</cantidad>
			<descripcion>Material gràfico y recursos</descripcion>
			<precio-unitario>100.0</precio-unitario>
			<importe-neto>100.0</importe-neto>
			<iva>21</iva>
		</concepto>
		<concepto>
			<cantidad>1</cantidad>
			<descripcion>Formación al equipo de marketing</descripcion>
			<precio-unitario>340.0</precio-unitario>
			<importe-neto>340.0</importe-neto>
			<iva>21</iva>
		</concepto>
	</conceptos>
	<total-iva>
		<iva-21>213.15</iva-21>
		<iva-10/>
		<iva-4/>
	</total-iva>
	<datos-bancarios>
		<fecha-abono>2016-01-07</fecha-abono>
		<importe>1228.15</importe>
		<metodo-pago>Transferencia</metodo-pago>
		<info-pago>
			<iban>ES6200491234567834567890</iban>
		</info-pago>
	</datos-bancarios>
	<total-factura>1228.15</total-factura>
</factura>
</factures>
