{
	 
			"factura":{
						"numero":"001/2016",
						"fecha":"2016-01-05",
						
							"emisor":{
							
										"razonsocial-emisor":"Encarna Vales García",
										"nif-emisor":"17000000A",
						
											"domicilio":{	"direccion-emisor-domicilio":"Calle Río de Janeiro",
															"codigopostal-emisor-domicilio":50000,
															"poblacion-emisor-domicilio":"Zaragoza",
															"provincia-emisor-domicilio":"Zaragoza",				
															"pais-emisor-domicilio":"España",
														}
														
										"telefono-emisor":976543235,
										"fax-emisor":976564322,
										"mail-emisor":"encarnavales@gmail.com",	
									}
							
					"cliente":{			
									"razon-social-cliente":"Flor de Loto Servicios Personalizados SL",
									"nif-cliente":"A08479297",
																"domicilio":{
																				"direccion-cliente-domicilio":"Calle Kyoto",
																				"codigopostal-cliente-domicilio":08021,
																				"poblacion-cliente-domicilio":"Barcelona",
																				"provincia-cliente-domicilio":"Barcelona",				
																				"pais-cliente-domicilio":"España",
																			}	
																			
									"telefono-cliente":938843234,
								}	
				
					"conceptos":{
									"cantidad-concepto1": "1",
									"descripcion-concepto1":"Diseño visual de landing web",
									"preciounitario-concepto1":575.0,
									"importeneto-concepto1":575.0,				
									"iva":21,
								}
								
					"conceptos":{				
									"descripcion-concepto2":"Material gràfico y recursos",
									"preciounitario-concepto2":100.0,
									"importeneto-concepto2":100.0,				
									"iva-concepto2":21,
								}
								
					"conceptos":{			
									"descripcion-concepto3":"Formación al equipo de marketing",
									"preciounitario-concepto3":340.0,
									"importeneto-concepto3":340.0,				
									"iva-concepto3":21,
								}	
								
					"total-iva":{				
									"totaliva-iva21":213.15
									"totaliva-iva10":null,
									"totaliva-iva4":null,
								}
								
					"datos-bancarios":{				
											"datosbancarios-fecha-abono":"2016-01-07",
											"datosbancarios-importe":1228.15,
											"datosbancarios-metodopago":"Transferencia",
											"datosbancarios-infopago-iban":"ES6200491234567834567890",
										}
				"total-factura":1228.15,
			}



}
