{

		
		

			"moduls":{
			
							"numero":"1",
							"nom":"Sistemes informàtics",
							"hores-minimes":132,
							"hores-lliure-disposicio":0,
							"hores-totals":132,
						
							"unitatsFormatives":{
							
													"numero-unitat-formativa":1,
													"nom":"Instal·lació, configuració i explotació del sistema informàtic",
													"hores":49,
													"numero-unitat-formativa":2,
													"nom":"Gestió de la informació i de recursos en una xarxa",
													"hores":69,
													"numero-unitat-formativa":3,
													"nom":"implantació de programari específic",
													"hores":14,
												}
				
										"docents":{
														"nom-docent":"Albert",
														"cognom-docent":"Terrones Muñoz",
														"email":"albert.terrones@mataro.epiaedu.cat"
													}

						}


			
			
			"moduls":{
			
							"numero":"2",
							"nom":"Bases de dades",
							"hores-minimes":165,
							"hores-lliure-disposicio":0,
							"hores-totals":165,
							
									"unitatsFormatives":{
																"numero-unitat-formativa":1,
																"nom":"Introducció a les bases de dades2,
																"hores":25,
																"numero-unitat-formativa":2,
																"nom":"Llenguatges SQL: DML i DDL",
																"hores":58,
																"numero-unitat-formativa":3,
																"nom":"Llenguatges SQL: DCL i extensió procedimental. SGBD corporatiu",
																"hores":14,
																"numero-unitat-formativa":4,
																"nom":"Bases de dades objecte-relacionals",
																"hores":16,
															}
										
										"docents":{
														"nom-docent":"Rafael",
														"cognom-docent":"Fernández Domínguez",
														"email":"rafael.fernandez@mataro.epiaedu.cat",
														"nom-docent":"Rubén",
														"cognom-docent":"Martínez Castilla",
														"email":"ruben.martinez@mataro.epiaedu.cat"
													}
									

						}


			"moduls":{
			
						"numero":"3",
						"nom":"Programació",
						"hores-minimes":198,
						"hores-lliure-disposicio":0,
						"hores-totals":231,
						
							"unitatsFormatives":{
													"numero-unitat-formativa":1,
													"nom":"Programació estructurada",
													"hores":74,
													"numero-unitat-formativa":2,
													"nom":"Disseny modular",
													"hores":39,
													"numero-unitat-formativa":3,
													"nom":"Fonaments de gestió de fitxers",
													"hores":19,
													"numero-unitat-formativa":4,
													"nom":"Programació orientada a objectes. Fonaments",
													"hores":24,
													"numero-unitat-formativa":5,
													"nom":"POO. Llibreries de classes fonamentals",
													"hores":24,
													"numero-unitat-formativa":6,
													"nom":"POO. Introducció a la persistència en BD",
													"hores":18,
												}	
												
										"docents":{						
														"nom-docent":"carles",
														"cognom-docent":"Bonet" ,
														"email":"carles.bonet@mataro.epiaedu.cat",
														"nom-docent":"isabel",
														"cognom-docent":"Bosch millastre",
														"email":"isabel.bosch@mataro.epiaedu.cat"
													}
					}
		

			"moduls":{
			
			
						"numero":"4",
						"nom":"Llenguatges de marques i sistemes de gestió d’informació",
						"hores-minimes":99,
						"hores-lliure-disposicio":0,
						"hores-totals":99,
						
							"unitatsFormatives":{
							
													"numero-unitat-formativa":1,
													"nom":"Programació amb XML",
													"hores":45,
													"numero-unitat-formativa":2,
													"nom":"Àmbits d’aplicació de l’XML",
													"hores":27,
													"numero-unitat-formativa":3,
													"nom":"Sistemes de gestió d’informació empresarial",
													"hores":27,
												}
													
												"docents":{										
																"nom-docent":"Rubén",
																"cognom-docent":"Martínez Castilla",
																"email":"ruben.martinez@mataro.epiaedu.cat"
															}

					}
					
		
			"moduls":{
			
			
						"numero":"11",
						"nom":"Formació i orientació laboral",
						"hores-minimes":66,
						"hores-lliure-disposicio":0,
						"hores-totals":66,
						
							"unitatsFormatives":{
													"numero-unitat-formativa":1,
													"nom":"Incorporació al treball",
													"hores":33,
													"numero-unitat-formativa":2,
													"nom":"Prevenció de riscos laborals",
													"hores":33,
												}
												
												"docents":{	
																"nom-docent":"Lourdes",
																"cognom-docent":"Montoro del valle",
																"email":"lourdes.montoro@mataro.epiaedu.cat"
															}

					}
					
			"moduls":{
			
						"numero":"12",
						"nom":"Empresa i iniciativa emprenedora",
						"hores-minimes":66,
						"hores-lliure-disposicio":0,
						"hores-totals":66,
						
							"unitatsFormatives":{
													"numero-unitat-formativa":1,
													"nom":"Empresa i iniciativa emprenedora",
													"hores":66,
												}
														
												"docents":{
																"nom-docent":"Laia",
																"cognom-docent":"Vilà Batlle",
																"email":"laia.vilab@mataro.epiaedu.cat"
															}
															
					}




}
